[
{
    "pk": 1, 
    "model": "principal.usuario", 
    "fields": {
        "username": "admin", 
        "ci": 0, 
        "roles": [
            1, 
            2
        ], 
        "apellido": "HPM", 
        "nombre": "Administrador del Sistema", 
        "password": "admin", 
        "telefono": "000-000", 
        "email": "admin@hpm.com"
    }
},
{
    "pk": 2, 
    "model": "principal.usuario", 
    "fields": {
        "username": "santiago", 
        "ci": 4202083, 
        "roles": [], 
        "apellido": "Valdez", 
        "nombre": "Santiago", 
        "password": "santiago", 
        "telefono": "554-889", 
        "email": "santiago@hpm.me"
    }
},
{
    "pk": 3, 
    "model": "principal.usuario", 
    "fields": {
        "username": "guillermo", 
        "ci": 4362801, 
        "roles": [], 
        "apellido": "Pati\u00f1o", 
        "nombre": "Guillermo", 
        "password": "guillermo", 
        "telefono": "0981-722-774", 
        "email": "guillermo@hpm.me"
    }
},
{
    "pk": 4, 
    "model": "principal.usuario", 
    "fields": {
        "username": "belen", 
        "ci": 4123321, 
        "roles": [], 
        "apellido": "Gonzalez", 
        "nombre": "Belen", 
        "password": "belen", 
        "telefono": "0971-347-442", 
        "email": "belen@hpm.me"
    }
},
{
    "pk": 1, 
    "model": "principal.proyecto", 
    "fields": {
        "descripcion": "Proyecto de software de \"gestion de proyectos\" HPM ", 
        "nombre": "HPM", 
        "fecha_creacion": "2014-05-17", 
        "complejidad_total": 0, 
        "estado": "no iniciado"
    }
},
{
    "pk": 1, 
    "model": "principal.rol", 
    "fields": {
        "descripcion": "Rol principal del sistema. Equivalente al root.", 
        "nombre": "Administrador del Sistema", 
        "permisos": [
            1
        ], 
        "proyecto": null
    }
},
{
    "pk": 2, 
    "model": "principal.rol", 
    "fields": {
        "descripcion": "Rol del administrador del proyecto HPM", 
        "nombre": "Administrador del Proyecto HPM", 
        "permisos": [], 
        "proyecto": 1
    }
},
{
    "pk": 1, 
    "model": "principal.permiso", 
    "fields": {
        "nombre": "root", 
        "valor": 0
    }
},
{
    "pk": 1, 
    "model": "principal.comite", 
    "fields": {
        "proyecto": 1, 
        "usuarios": [
            1
        ]
    }
},
{
    "pk": 1, 
    "model": "principal.fase", 
    "fields": {
        "descripcion": " Etapa donde se define el problema a resolver, las metas del proyecto, las metas de calidad y se identifica cualquier restricci\u00f3n aplicable al proyecto", 
        "nombre": "Plan Operativo", 
        "nro": 1, 
        "estado": "inicial", 
        "proyecto": 1
    }
},
{
    "pk": 2, 
    "model": "principal.fase", 
    "fields": {
        "descripcion": " Permite entregar una visi\u00f3n de alto nivel sobre el proyecto, poniendo \u00e9nfasis en la descripci\u00f3n del problema desde el punto de vista de los clientes y desarrolladores. Tambi\u00e9n se considera la posibilidad de una planificaci\u00f3n de los recursos sobre un", 
        "nombre": "Especificaci\u00f3n de requisitos", 
        "nro": 2, 
        "estado": "inicial", 
        "proyecto": 1
    }
},
{
    "pk": 3, 
    "model": "principal.fase", 
    "fields": {
        "descripcion": "Especifica la informaci\u00f3n sobre la cual el software a desarrollar trabajar\u00e1.", 
        "nombre": "Especificaci\u00f3n funcional", 
        "nro": 3, 
        "estado": "inicial", 
        "proyecto": 1
    }
},
{
    "pk": 4, 
    "model": "principal.fase", 
    "fields": {
        "descripcion": "Permite describir como el sistema va a satisfacer los requisitos. Esta etapa a menudo tiene diferentes niveles de detalle. Los niveles m\u00e1s altos de detalle generalmente describen los componentes o m\u00f3dulos que formar\u00e1n el software a ser producido.", 
        "nombre": "Dise\u00f1o", 
        "nro": 4, 
        "estado": "inicial", 
        "proyecto": 1
    }
},
{
    "pk": 5, 
    "model": "principal.fase", 
    "fields": {
        "descripcion": "Aqu\u00ed es donde el software a ser desarrollado se codifica. Dependiendo del tama\u00f1o del proyecto, la programaci\u00f3n puede ser distribuida entre distintos programadores o grupos de programadores.", 
        "nombre": "Implementaci\u00f3n", 
        "nro": 5, 
        "estado": "inicial", 
        "proyecto": 1
    }
},
{
    "pk": 6, 
    "model": "principal.fase", 
    "fields": {
        "descripcion": "Es la fase donde todos los subsistemas codificados independientemente se juntan. Cada secci\u00f3n es enlazada con otra y, entonces, probada. Este proceso se repite hasta que se han agregado todos los m\u00f3dulos y el sistema se prueba como un todo.", 
        "nombre": "Integraci\u00f3n", 
        "nro": 6, 
        "estado": "inicial", 
        "proyecto": 1
    }
},
{
    "pk": 7, 
    "model": "principal.fase", 
    "fields": {
        "descripcion": "Una vez que el sistema ha sido integrado, comienza esta etapa. Es donde es probado para verificar que el sistema es consistente con la definici\u00f3n de requisitos y la especificaci\u00f3n funcional.", 
        "nombre": "Validaci\u00f3n y verificaci\u00f3n", 
        "nro": 7, 
        "estado": "inicial", 
        "proyecto": 1
    }
},
{
    "pk": 8, 
    "model": "principal.fase", 
    "fields": {
        "descripcion": "El mantenimiento ocurre cuando existe alg\u00fan problema dentro de un sistema existente, e involucrar\u00eda la correcci\u00f3n de errores que no fueron descubiertos en las fases de prueba, mejoras en la implementaci\u00f3n de las unidades del sistema y cambios.", 
        "nombre": "Mantenimiento", 
        "nro": 8, 
        "estado": "inicial", 
        "proyecto": 1
    }
},
{
    "pk": 1, 
    "model": "principal.tipoitem", 
    "fields": {
        "descripcion": "Representa un documento que forme parte del plan operativo.", 
        "nombre": "Documento Plan Operativo", 
        "codigo": "doc_plan_operativo", 
        "fase": 1, 
        "proyecto": 1
    }
},
{
    "pk": 2, 
    "model": "principal.tipoitem", 
    "fields": {
        "descripcion": "Documento que contiene especificaciones del producto", 
        "nombre": "Especificaci\u00f3n de Requesitos", 
        "codigo": "ERS", 
        "fase": 2, 
        "proyecto": 1
    }
},
{
    "pk": 1, 
    "model": "principal.atributotipoitem", 
    "fields": {
        "nombre": "size(kb)", 
        "valor_por_defecto": "0", 
        "tipo_item": 1, 
        "tipo": "numerico"
    }
},
{
    "pk": 2, 
    "model": "principal.atributotipoitem", 
    "fields": {
        "nombre": "autor", 
        "valor_por_defecto": "Autor Anonimo", 
        "tipo_item": 1, 
        "tipo": "texto"
    }
},
{
    "pk": 3, 
    "model": "principal.atributotipoitem", 
    "fields": {
        "nombre": "fecha_creacion", 
        "valor_por_defecto": "01/01/2014", 
        "tipo_item": 2, 
        "tipo": "fecha"
    }
},
{
    "pk": 4, 
    "model": "principal.atributotipoitem", 
    "fields": {
        "nombre": "Autor", 
        "valor_por_defecto": "Anonimo", 
        "tipo_item": 2, 
        "tipo": "texto"
    }
},
{
    "pk": 5, 
    "model": "principal.atributotipoitem", 
    "fields": {
        "nombre": "Version", 
        "valor_por_defecto": "0", 
        "tipo_item": 2, 
        "tipo": "numerico"
    }
},
{
    "pk": 1, 
    "model": "principal.atributoitem", 
    "fields": {
        "atributo_tipo_item": 1, 
        "valor": "0"
    }
},
{
    "pk": 2, 
    "model": "principal.atributoitem", 
    "fields": {
        "atributo_tipo_item": 2, 
        "valor": "Autor Anonimo"
    }
},
{
    "pk": 3, 
    "model": "principal.atributoitem", 
    "fields": {
        "atributo_tipo_item": 1, 
        "valor": "0"
    }
},
{
    "pk": 4, 
    "model": "principal.atributoitem", 
    "fields": {
        "atributo_tipo_item": 2, 
        "valor": "Autor Anonimo"
    }
},
{
    "pk": 5, 
    "model": "principal.atributoitem", 
    "fields": {
        "atributo_tipo_item": 1, 
        "valor": "0"
    }
},
{
    "pk": 6, 
    "model": "principal.atributoitem", 
    "fields": {
        "atributo_tipo_item": 2, 
        "valor": "Autor Anonimo"
    }
},
{
    "pk": 7, 
    "model": "principal.atributoitem", 
    "fields": {
        "atributo_tipo_item": 1, 
        "valor": "0"
    }
},
{
    "pk": 8, 
    "model": "principal.atributoitem", 
    "fields": {
        "atributo_tipo_item": 2, 
        "valor": "Autor Anonimo"
    }
},
{
    "pk": 9, 
    "model": "principal.atributoitem", 
    "fields": {
        "atributo_tipo_item": 1, 
        "valor": "0"
    }
},
{
    "pk": 10, 
    "model": "principal.atributoitem", 
    "fields": {
        "atributo_tipo_item": 2, 
        "valor": "Autor Anonimo"
    }
},
{
    "pk": 11, 
    "model": "principal.atributoitem", 
    "fields": {
        "atributo_tipo_item": 3, 
        "valor": "2014-06-07"
    }
},
{
    "pk": 12, 
    "model": "principal.atributoitem", 
    "fields": {
        "atributo_tipo_item": 4, 
        "valor": "Anonimo"
    }
},
{
    "pk": 13, 
    "model": "principal.atributoitem", 
    "fields": {
        "atributo_tipo_item": 5, 
        "valor": "1"
    }
},
{
    "pk": 14, 
    "model": "principal.atributoitem", 
    "fields": {
        "atributo_tipo_item": 1, 
        "valor": "0"
    }
},
{
    "pk": 15, 
    "model": "principal.atributoitem", 
    "fields": {
        "atributo_tipo_item": 2, 
        "valor": "Autor Anonimo"
    }
},
{
    "pk": 16, 
    "model": "principal.atributoitem", 
    "fields": {
        "atributo_tipo_item": 1, 
        "valor": "0"
    }
},
{
    "pk": 17, 
    "model": "principal.atributoitem", 
    "fields": {
        "atributo_tipo_item": 2, 
        "valor": "Autor Anonimo"
    }
},
{
    "pk": 18, 
    "model": "principal.atributoitem", 
    "fields": {
        "atributo_tipo_item": 1, 
        "valor": "0"
    }
},
{
    "pk": 19, 
    "model": "principal.atributoitem", 
    "fields": {
        "atributo_tipo_item": 2, 
        "valor": "Autor Anonimo"
    }
},
{
    "pk": 20, 
    "model": "principal.atributoitem", 
    "fields": {
        "atributo_tipo_item": 1, 
        "valor": "0"
    }
},
{
    "pk": 21, 
    "model": "principal.atributoitem", 
    "fields": {
        "atributo_tipo_item": 2, 
        "valor": "Autor Anonimo"
    }
},
{
    "pk": 22, 
    "model": "principal.atributoitem", 
    "fields": {
        "atributo_tipo_item": 1, 
        "valor": "0"
    }
},
{
    "pk": 23, 
    "model": "principal.atributoitem", 
    "fields": {
        "atributo_tipo_item": 2, 
        "valor": "Autor Anonimo"
    }
},
{
    "pk": 24, 
    "model": "principal.atributoitem", 
    "fields": {
        "atributo_tipo_item": 1, 
        "valor": "0"
    }
},
{
    "pk": 25, 
    "model": "principal.atributoitem", 
    "fields": {
        "atributo_tipo_item": 2, 
        "valor": "Autor Anonimo"
    }
},
{
    "pk": 26, 
    "model": "principal.atributoitem", 
    "fields": {
        "atributo_tipo_item": 1, 
        "valor": "0"
    }
},
{
    "pk": 27, 
    "model": "principal.atributoitem", 
    "fields": {
        "atributo_tipo_item": 2, 
        "valor": "Autor Anonimo"
    }
},
{
    "pk": 28, 
    "model": "principal.atributoitem", 
    "fields": {
        "atributo_tipo_item": 1, 
        "valor": "0"
    }
},
{
    "pk": 29, 
    "model": "principal.atributoitem", 
    "fields": {
        "atributo_tipo_item": 2, 
        "valor": "Autor Anonimo"
    }
},
{
    "pk": 30, 
    "model": "principal.atributoitem", 
    "fields": {
        "atributo_tipo_item": 1, 
        "valor": "0"
    }
},
{
    "pk": 31, 
    "model": "principal.atributoitem", 
    "fields": {
        "atributo_tipo_item": 2, 
        "valor": "Autor Anonimo"
    }
},
{
    "pk": 32, 
    "model": "principal.atributoitem", 
    "fields": {
        "atributo_tipo_item": 1, 
        "valor": "0"
    }
},
{
    "pk": 33, 
    "model": "principal.atributoitem", 
    "fields": {
        "atributo_tipo_item": 2, 
        "valor": "Autor Anonimo"
    }
},
{
    "pk": 34, 
    "model": "principal.atributoitem", 
    "fields": {
        "atributo_tipo_item": 1, 
        "valor": "0"
    }
},
{
    "pk": 35, 
    "model": "principal.atributoitem", 
    "fields": {
        "atributo_tipo_item": 2, 
        "valor": "Autor Anonimo"
    }
},
{
    "pk": 36, 
    "model": "principal.atributoitem", 
    "fields": {
        "atributo_tipo_item": 1, 
        "valor": "0"
    }
},
{
    "pk": 37, 
    "model": "principal.atributoitem", 
    "fields": {
        "atributo_tipo_item": 2, 
        "valor": "Autor Anonimo"
    }
},
{
    "pk": 38, 
    "model": "principal.atributoitem", 
    "fields": {
        "atributo_tipo_item": 1, 
        "valor": "0"
    }
},
{
    "pk": 39, 
    "model": "principal.atributoitem", 
    "fields": {
        "atributo_tipo_item": 2, 
        "valor": "Autor Anonimo"
    }
},
{
    "pk": 40, 
    "model": "principal.atributoitem", 
    "fields": {
        "atributo_tipo_item": 3, 
        "valor": "2014-06-07"
    }
},
{
    "pk": 41, 
    "model": "principal.atributoitem", 
    "fields": {
        "atributo_tipo_item": 4, 
        "valor": "Anonimo"
    }
},
{
    "pk": 42, 
    "model": "principal.atributoitem", 
    "fields": {
        "atributo_tipo_item": 5, 
        "valor": "1"
    }
},
{
    "pk": 1, 
    "model": "principal.versionitem", 
    "fields": {
        "costo": 1, 
        "version": "2014-06-07T07:30:07.405Z", 
        "proxy": 1, 
        "estado": "inicial", 
        "prioridad": 0, 
        "atributos": [
            1, 
            2
        ], 
        "complejidad": 0
    }
},
{
    "pk": 2, 
    "model": "principal.versionitem", 
    "fields": {
        "costo": 0, 
        "version": "2014-06-07T08:21:27.788Z", 
        "proxy": 2, 
        "estado": "inicial", 
        "prioridad": 0, 
        "atributos": [
            3, 
            4
        ], 
        "complejidad": 0
    }
},
{
    "pk": 3, 
    "model": "principal.versionitem", 
    "fields": {
        "costo": 0, 
        "version": "2014-06-07T07:30:41.624Z", 
        "proxy": 3, 
        "estado": "inicial", 
        "prioridad": 0, 
        "atributos": [
            5, 
            6
        ], 
        "complejidad": 0
    }
},
{
    "pk": 4, 
    "model": "principal.versionitem", 
    "fields": {
        "costo": 1, 
        "version": "2014-06-07T07:30:49.019Z", 
        "proxy": 1, 
        "estado": "inicial", 
        "prioridad": 0, 
        "atributos": [
            7, 
            8
        ], 
        "complejidad": 0
    }
},
{
    "pk": 5, 
    "model": "principal.versionitem", 
    "fields": {
        "costo": 0, 
        "version": "2014-06-07T08:05:44.634Z", 
        "proxy": 4, 
        "estado": "inicial", 
        "prioridad": 0, 
        "atributos": [
            9, 
            10
        ], 
        "complejidad": 0
    }
},
{
    "pk": 6, 
    "model": "principal.versionitem", 
    "fields": {
        "costo": 20, 
        "version": "2014-06-07T09:09:34.234Z", 
        "proxy": 5, 
        "estado": "inicial", 
        "prioridad": 0, 
        "atributos": [
            11, 
            12, 
            13
        ], 
        "complejidad": 10
    }
},
{
    "pk": 7, 
    "model": "principal.versionitem", 
    "fields": {
        "costo": 1, 
        "version": "2014-06-07T09:11:13.333Z", 
        "proxy": 1, 
        "estado": "listo", 
        "prioridad": 0, 
        "atributos": [
            14, 
            15
        ], 
        "complejidad": 0
    }
},
{
    "pk": 8, 
    "model": "principal.versionitem", 
    "fields": {
        "costo": 0, 
        "version": "2014-06-07T09:11:20.874Z", 
        "proxy": 2, 
        "estado": "listo", 
        "prioridad": 0, 
        "atributos": [
            16, 
            17
        ], 
        "complejidad": 0
    }
},
{
    "pk": 9, 
    "model": "principal.versionitem", 
    "fields": {
        "costo": 0, 
        "version": "2014-06-07T09:16:20.351Z", 
        "proxy": 2, 
        "estado": "listo", 
        "prioridad": 0, 
        "atributos": [
            18, 
            19
        ], 
        "complejidad": 0
    }
},
{
    "pk": 10, 
    "model": "principal.versionitem", 
    "fields": {
        "costo": 0, 
        "version": "2014-06-07T09:16:27.311Z", 
        "proxy": 4, 
        "estado": "listo", 
        "prioridad": 0, 
        "atributos": [
            20, 
            21
        ], 
        "complejidad": 0
    }
},
{
    "pk": 11, 
    "model": "principal.versionitem", 
    "fields": {
        "costo": 1, 
        "version": "2014-06-07T09:19:17.038Z", 
        "proxy": 1, 
        "estado": "aprobado", 
        "prioridad": 0, 
        "atributos": [
            22, 
            23
        ], 
        "complejidad": 0
    }
},
{
    "pk": 12, 
    "model": "principal.versionitem", 
    "fields": {
        "costo": 0, 
        "version": "2014-06-07T09:19:22.287Z", 
        "proxy": 2, 
        "estado": "aprobado", 
        "prioridad": 0, 
        "atributos": [
            24, 
            25
        ], 
        "complejidad": 0
    }
},
{
    "pk": 13, 
    "model": "principal.versionitem", 
    "fields": {
        "costo": 0, 
        "version": "2014-06-07T09:19:30.198Z", 
        "proxy": 3, 
        "estado": "aprobado", 
        "prioridad": 0, 
        "atributos": [
            26, 
            27
        ], 
        "complejidad": 0
    }
},
{
    "pk": 14, 
    "model": "principal.versionitem", 
    "fields": {
        "costo": 0, 
        "version": "2014-06-07T09:19:37.077Z", 
        "proxy": 4, 
        "estado": "aprobado", 
        "prioridad": 0, 
        "atributos": [
            28, 
            29
        ], 
        "complejidad": 0
    }
},
{
    "pk": 15, 
    "model": "principal.versionitem", 
    "fields": {
        "costo": 20, 
        "version": "2014-06-07T09:22:00.813Z", 
        "proxy": 2, 
        "estado": "inicial", 
        "prioridad": 0, 
        "atributos": [
            30, 
            31
        ], 
        "complejidad": 0
    }
},
{
    "pk": 16, 
    "model": "principal.versionitem", 
    "fields": {
        "costo": 20, 
        "version": "2014-06-07T09:22:10.498Z", 
        "proxy": 2, 
        "estado": "aprobado", 
        "prioridad": 0, 
        "atributos": [
            32, 
            33
        ], 
        "complejidad": 0
    }
},
{
    "pk": 17, 
    "model": "principal.versionitem", 
    "fields": {
        "costo": 10, 
        "version": "2014-06-07T09:22:23.027Z", 
        "proxy": 1, 
        "estado": "aprobado", 
        "prioridad": 0, 
        "atributos": [
            34, 
            35
        ], 
        "complejidad": 0
    }
},
{
    "pk": 18, 
    "model": "principal.versionitem", 
    "fields": {
        "costo": 30, 
        "version": "2014-06-07T09:22:34.897Z", 
        "proxy": 3, 
        "estado": "aprobado", 
        "prioridad": 0, 
        "atributos": [
            36, 
            37
        ], 
        "complejidad": 0
    }
},
{
    "pk": 19, 
    "model": "principal.versionitem", 
    "fields": {
        "costo": 40, 
        "version": "2014-06-07T09:22:43.875Z", 
        "proxy": 4, 
        "estado": "aprobado", 
        "prioridad": 0, 
        "atributos": [
            38, 
            39
        ], 
        "complejidad": 0
    }
},
{
    "pk": 20, 
    "model": "principal.versionitem", 
    "fields": {
        "costo": 55, 
        "version": "2014-06-07T09:24:17.384Z", 
        "proxy": 5, 
        "estado": "inicial", 
        "prioridad": 0, 
        "atributos": [
            40, 
            41, 
            42
        ], 
        "complejidad": 10
    }
},
{
    "pk": 1, 
    "model": "principal.item", 
    "fields": {
        "linea_base": 1, 
        "id_actual": 17, 
        "numero": 0, 
        "eliminado": false, 
        "version": "2014-06-07T09:22:23.027Z", 
        "nombre": "Item 1", 
        "tipo_item": 1, 
        "fase": 1
    }
},
{
    "pk": 2, 
    "model": "principal.item", 
    "fields": {
        "linea_base": 1, 
        "id_actual": 16, 
        "numero": 2, 
        "eliminado": false, 
        "version": "2014-06-07T09:22:10.498Z", 
        "nombre": "item 2", 
        "tipo_item": 1, 
        "fase": 1
    }
},
{
    "pk": 3, 
    "model": "principal.item", 
    "fields": {
        "linea_base": 1, 
        "id_actual": 18, 
        "numero": 3, 
        "eliminado": false, 
        "version": "2014-06-07T09:22:34.897Z", 
        "nombre": "item 3", 
        "tipo_item": 1, 
        "fase": 1
    }
},
{
    "pk": 4, 
    "model": "principal.item", 
    "fields": {
        "linea_base": 1, 
        "id_actual": 19, 
        "numero": 4, 
        "eliminado": false, 
        "version": "2014-06-07T09:22:43.875Z", 
        "nombre": "item 4", 
        "tipo_item": 1, 
        "fase": 1
    }
},
{
    "pk": 5, 
    "model": "principal.item", 
    "fields": {
        "linea_base": null, 
        "id_actual": 20, 
        "numero": 1, 
        "eliminado": false, 
        "version": "2014-06-07T09:24:17.384Z", 
        "nombre": "ERS_HPM", 
        "tipo_item": 2, 
        "fase": 2
    }
},
{
    "pk": 1, 
    "model": "principal.relacion", 
    "fields": {
        "tipo": "padre-hijo", 
        "sucesor": 12, 
        "eliminado": false, 
        "proyecto": 1, 
        "antecesor": 11, 
        "fase": 1
    }
},
{
    "pk": 2, 
    "model": "principal.relacion", 
    "fields": {
        "tipo": "padre-hijo", 
        "sucesor": 13, 
        "eliminado": false, 
        "proyecto": 1, 
        "antecesor": 12, 
        "fase": 1
    }
},
{
    "pk": 3, 
    "model": "principal.relacion", 
    "fields": {
        "tipo": "padre-hijo", 
        "sucesor": 14, 
        "eliminado": false, 
        "proyecto": 1, 
        "antecesor": 13, 
        "fase": 1
    }
},
{
    "pk": 4, 
    "model": "principal.relacion", 
    "fields": {
        "tipo": "antecesor-sucesor", 
        "sucesor": 6, 
        "eliminado": false, 
        "proyecto": 1, 
        "antecesor": 14, 
        "fase": 1
    }
},
{
    "pk": 5, 
    "model": "principal.relacion", 
    "fields": {
        "tipo": "padre-hijo", 
        "sucesor": 16, 
        "eliminado": false, 
        "proyecto": 1, 
        "antecesor": 17, 
        "fase": 1
    }
},
{
    "pk": 6, 
    "model": "principal.relacion", 
    "fields": {
        "tipo": "padre-hijo", 
        "sucesor": 18, 
        "eliminado": false, 
        "proyecto": 1, 
        "antecesor": 16, 
        "fase": 1
    }
},
{
    "pk": 7, 
    "model": "principal.relacion", 
    "fields": {
        "tipo": "padre-hijo", 
        "sucesor": 19, 
        "eliminado": false, 
        "proyecto": 1, 
        "antecesor": 18, 
        "fase": 1
    }
},
{
    "pk": 8, 
    "model": "principal.relacion", 
    "fields": {
        "tipo": "antecesor-sucesor", 
        "sucesor": 6, 
        "eliminado": false, 
        "proyecto": 1, 
        "antecesor": 19, 
        "fase": 1
    }
},
{
    "pk": 1, 
    "model": "principal.lineabase", 
    "fields": {
        "nombre": "LB Plan Operativo", 
        "usuario": 1, 
        "nro": 1, 
        "estado": "valido", 
        "fase": 1
    }
},
{
    "pk": 1, 
    "model": "principal.historiallineabase", 
    "fields": {
        "fecha": "2014-06-07T09:10:54.181Z", 
        "usuario": "admin", 
        "lineabase": 1, 
        "operacion": "crear"
    }
},
{
    "pk": 2, 
    "model": "principal.historiallineabase", 
    "fields": {
        "fecha": "2014-06-07T09:18:14.357Z", 
        "usuario": "admin", 
        "lineabase": 1, 
        "operacion": "liberar"
    }
},
{
    "pk": 3, 
    "model": "principal.historiallineabase", 
    "fields": {
        "fecha": "2014-06-07T09:19:50.491Z", 
        "usuario": "admin", 
        "lineabase": 1, 
        "operacion": "item Item 1 agregado"
    }
},
{
    "pk": 4, 
    "model": "principal.historiallineabase", 
    "fields": {
        "fecha": "2014-06-07T09:19:54.202Z", 
        "usuario": "admin", 
        "lineabase": 1, 
        "operacion": "item item 2 agregado"
    }
},
{
    "pk": 5, 
    "model": "principal.historiallineabase", 
    "fields": {
        "fecha": "2014-06-07T09:19:57.677Z", 
        "usuario": "admin", 
        "lineabase": 1, 
        "operacion": "item item 3 agregado"
    }
},
{
    "pk": 6, 
    "model": "principal.historiallineabase", 
    "fields": {
        "fecha": "2014-06-07T09:20:01.034Z", 
        "usuario": "admin", 
        "lineabase": 1, 
        "operacion": "item item 4 agregado"
    }
},
{
    "pk": 7, 
    "model": "principal.historiallineabase", 
    "fields": {
        "fecha": "2014-06-07T09:20:05.210Z", 
        "usuario": "admin", 
        "lineabase": 1, 
        "operacion": "cerrar"
    }
},
{
    "pk": 1, 
    "model": "principal.historialitem", 
    "fields": {
        "item": 1, 
        "fecha": "2014-06-07T07:30:07.590Z", 
        "usuario": "admin", 
        "operacion": "crear"
    }
},
{
    "pk": 2, 
    "model": "principal.historialitem", 
    "fields": {
        "item": 1, 
        "fecha": "2014-06-07T07:30:26.390Z", 
        "usuario": "admin", 
        "operacion": "crear"
    }
},
{
    "pk": 3, 
    "model": "principal.historialitem", 
    "fields": {
        "item": 1, 
        "fecha": "2014-06-07T07:30:41.917Z", 
        "usuario": "admin", 
        "operacion": "crear"
    }
},
{
    "pk": 4, 
    "model": "principal.historialitem", 
    "fields": {
        "item": 1, 
        "fecha": "2014-06-07T07:30:49.234Z", 
        "usuario": "admin", 
        "operacion": "modificar"
    }
},
{
    "pk": 5, 
    "model": "principal.historialitem", 
    "fields": {
        "item": 1, 
        "fecha": "2014-06-07T07:35:44.972Z", 
        "usuario": "admin", 
        "operacion": "relacionar Item 1 y item 2"
    }
},
{
    "pk": 6, 
    "model": "principal.historialitem", 
    "fields": {
        "item": 2, 
        "fecha": "2014-06-07T07:36:40.086Z", 
        "usuario": "admin", 
        "operacion": "relacionar item 2 y Item 1"
    }
},
{
    "pk": 7, 
    "model": "principal.historialitem", 
    "fields": {
        "item": 1, 
        "fecha": "2014-06-07T07:38:05.684Z", 
        "usuario": "admin", 
        "operacion": "eliminar relacion conItem 1"
    }
},
{
    "pk": 8, 
    "model": "principal.historialitem", 
    "fields": {
        "item": 2, 
        "fecha": "2014-06-07T07:39:41.424Z", 
        "usuario": "admin", 
        "operacion": "relacionar item 2 y Item 1"
    }
},
{
    "pk": 9, 
    "model": "principal.historialitem", 
    "fields": {
        "item": 2, 
        "fecha": "2014-06-07T07:41:50.661Z", 
        "usuario": "admin", 
        "operacion": "eliminar relacion conItem 1"
    }
},
{
    "pk": 10, 
    "model": "principal.historialitem", 
    "fields": {
        "item": 2, 
        "fecha": "2014-06-07T07:42:02.526Z", 
        "usuario": "admin", 
        "operacion": "relacionar item 2 y Item 1"
    }
},
{
    "pk": 11, 
    "model": "principal.historialitem", 
    "fields": {
        "item": 2, 
        "fecha": "2014-06-07T07:43:02.570Z", 
        "usuario": "admin", 
        "operacion": "eliminar relacion conItem 1"
    }
},
{
    "pk": 12, 
    "model": "principal.historialitem", 
    "fields": {
        "item": 2, 
        "fecha": "2014-06-07T07:43:06.146Z", 
        "usuario": "admin", 
        "operacion": "relacionar item 2 y Item 1"
    }
},
{
    "pk": 13, 
    "model": "principal.historialitem", 
    "fields": {
        "item": 2, 
        "fecha": "2014-06-07T07:44:07.166Z", 
        "usuario": "admin", 
        "operacion": "eliminar relacion conItem 1"
    }
},
{
    "pk": 14, 
    "model": "principal.historialitem", 
    "fields": {
        "item": 2, 
        "fecha": "2014-06-07T07:44:10.209Z", 
        "usuario": "admin", 
        "operacion": "relacionar item 2 y Item 1"
    }
},
{
    "pk": 15, 
    "model": "principal.historialitem", 
    "fields": {
        "item": 2, 
        "fecha": "2014-06-07T07:44:40.429Z", 
        "usuario": "admin", 
        "operacion": "eliminar relacion conItem 1"
    }
},
{
    "pk": 16, 
    "model": "principal.historialitem", 
    "fields": {
        "item": 2, 
        "fecha": "2014-06-07T07:44:44.470Z", 
        "usuario": "admin", 
        "operacion": "relacionar item 2 y Item 1"
    }
},
{
    "pk": 17, 
    "model": "principal.historialitem", 
    "fields": {
        "item": 2, 
        "fecha": "2014-06-07T07:45:57.993Z", 
        "usuario": "admin", 
        "operacion": "eliminar relacion conItem 1"
    }
},
{
    "pk": 18, 
    "model": "principal.historialitem", 
    "fields": {
        "item": 2, 
        "fecha": "2014-06-07T07:46:35.581Z", 
        "usuario": "admin", 
        "operacion": "relacionar item 2 y Item 1"
    }
},
{
    "pk": 19, 
    "model": "principal.historialitem", 
    "fields": {
        "item": 2, 
        "fecha": "2014-06-07T07:47:21.943Z", 
        "usuario": "admin", 
        "operacion": "eliminar relacion conItem 1"
    }
},
{
    "pk": 20, 
    "model": "principal.historialitem", 
    "fields": {
        "item": 2, 
        "fecha": "2014-06-07T07:47:25.396Z", 
        "usuario": "admin", 
        "operacion": "relacionar item 2 y Item 1"
    }
},
{
    "pk": 21, 
    "model": "principal.historialitem", 
    "fields": {
        "item": 2, 
        "fecha": "2014-06-07T07:48:14.246Z", 
        "usuario": "admin", 
        "operacion": "eliminar relacion conItem 1"
    }
},
{
    "pk": 22, 
    "model": "principal.historialitem", 
    "fields": {
        "item": 2, 
        "fecha": "2014-06-07T07:48:18.063Z", 
        "usuario": "admin", 
        "operacion": "relacionar item 2 y Item 1"
    }
},
{
    "pk": 23, 
    "model": "principal.historialitem", 
    "fields": {
        "item": 2, 
        "fecha": "2014-06-07T07:49:58.694Z", 
        "usuario": "admin", 
        "operacion": "eliminar relacion conItem 1"
    }
},
{
    "pk": 24, 
    "model": "principal.historialitem", 
    "fields": {
        "item": 2, 
        "fecha": "2014-06-07T07:51:40.699Z", 
        "usuario": "admin", 
        "operacion": "relacionar item 2 y item 3"
    }
},
{
    "pk": 25, 
    "model": "principal.historialitem", 
    "fields": {
        "item": 3, 
        "fecha": "2014-06-07T07:51:51.336Z", 
        "usuario": "admin", 
        "operacion": "relacionar item 3 y Item 1"
    }
},
{
    "pk": 26, 
    "model": "principal.historialitem", 
    "fields": {
        "item": 3, 
        "fecha": "2014-06-07T07:53:06.694Z", 
        "usuario": "admin", 
        "operacion": "eliminar relacion conItem 1"
    }
},
{
    "pk": 27, 
    "model": "principal.historialitem", 
    "fields": {
        "item": 3, 
        "fecha": "2014-06-07T08:02:03.039Z", 
        "usuario": "admin", 
        "operacion": "relacionar item 3 y Item 1"
    }
},
{
    "pk": 28, 
    "model": "principal.historialitem", 
    "fields": {
        "item": 3, 
        "fecha": "2014-06-07T08:02:49.846Z", 
        "usuario": "admin", 
        "operacion": "eliminar relacion conItem 1"
    }
},
{
    "pk": 29, 
    "model": "principal.historialitem", 
    "fields": {
        "item": 1, 
        "fecha": "2014-06-07T08:05:44.861Z", 
        "usuario": "admin", 
        "operacion": "crear"
    }
},
{
    "pk": 30, 
    "model": "principal.historialitem", 
    "fields": {
        "item": 3, 
        "fecha": "2014-06-07T08:05:56.217Z", 
        "usuario": "admin", 
        "operacion": "relacionar item 3 y item 4"
    }
},
{
    "pk": 31, 
    "model": "principal.historialitem", 
    "fields": {
        "item": 2, 
        "fecha": "2014-06-07T08:06:19.669Z", 
        "usuario": "admin", 
        "operacion": "relacionar item 2 y item 4"
    }
},
{
    "pk": 32, 
    "model": "principal.historialitem", 
    "fields": {
        "item": 1, 
        "fecha": "2014-06-07T08:08:59.454Z", 
        "usuario": "admin", 
        "operacion": "relacionar Item 1 y item 3"
    }
},
{
    "pk": 33, 
    "model": "principal.historialitem", 
    "fields": {
        "item": 1, 
        "fecha": "2014-06-07T08:10:23.208Z", 
        "usuario": "admin", 
        "operacion": "eliminar relacion conitem 3"
    }
},
{
    "pk": 34, 
    "model": "principal.historialitem", 
    "fields": {
        "item": 3, 
        "fecha": "2014-06-07T08:10:32.456Z", 
        "usuario": "admin", 
        "operacion": "eliminar relacion conitem 4"
    }
},
{
    "pk": 35, 
    "model": "principal.historialitem", 
    "fields": {
        "item": 1, 
        "fecha": "2014-06-07T08:17:49.093Z", 
        "usuario": "admin", 
        "operacion": "relacionar Item 1 y item 2"
    }
},
{
    "pk": 36, 
    "model": "principal.historialitem", 
    "fields": {
        "item": 2, 
        "fecha": "2014-06-07T08:17:57.609Z", 
        "usuario": "admin", 
        "operacion": "relacionar item 2 y item 3"
    }
},
{
    "pk": 37, 
    "model": "principal.historialitem", 
    "fields": {
        "item": 3, 
        "fecha": "2014-06-07T08:18:06.556Z", 
        "usuario": "admin", 
        "operacion": "relacionar item 3 y item 4"
    }
},
{
    "pk": 38, 
    "model": "principal.historialitem", 
    "fields": {
        "item": 4, 
        "fecha": "2014-06-07T08:18:27.558Z", 
        "usuario": "admin", 
        "operacion": "relacionar item 4 y Item 1"
    }
},
{
    "pk": 39, 
    "model": "principal.historialitem", 
    "fields": {
        "item": 2, 
        "fecha": "2014-06-07T09:09:34.428Z", 
        "usuario": "admin", 
        "operacion": "crear"
    }
},
{
    "pk": 40, 
    "model": "principal.historialitem", 
    "fields": {
        "item": 4, 
        "fecha": "2014-06-07T09:10:10.409Z", 
        "usuario": "admin", 
        "operacion": "relacionar item 4 y ERS_HPM"
    }
},
{
    "pk": 41, 
    "model": "principal.historialitem", 
    "fields": {
        "item": 1, 
        "fecha": "2014-06-07T09:11:13.491Z", 
        "usuario": "admin", 
        "operacion": "modificar"
    }
},
{
    "pk": 42, 
    "model": "principal.historialitem", 
    "fields": {
        "item": 2, 
        "fecha": "2014-06-07T09:11:21.065Z", 
        "usuario": "admin", 
        "operacion": "modificar"
    }
},
{
    "pk": 43, 
    "model": "principal.historialitem", 
    "fields": {
        "item": 1, 
        "fecha": "2014-06-07T09:11:32.366Z", 
        "usuario": "admin", 
        "operacion": "relacionar Item 1 y item 2"
    }
},
{
    "pk": 44, 
    "model": "principal.historialitem", 
    "fields": {
        "item": 1, 
        "fecha": "2014-06-07T09:13:42.383Z", 
        "usuario": "admin", 
        "operacion": "eliminar relacion conitem 2"
    }
},
{
    "pk": 45, 
    "model": "principal.historialitem", 
    "fields": {
        "item": 3, 
        "fecha": "2014-06-07T09:13:51.554Z", 
        "usuario": "admin", 
        "operacion": "eliminar relacion conitem 4"
    }
},
{
    "pk": 46, 
    "model": "principal.historialitem", 
    "fields": {
        "item": 3, 
        "fecha": "2014-06-07T09:13:53.998Z", 
        "usuario": "admin", 
        "operacion": "eliminar relacion conitem 3"
    }
},
{
    "pk": 47, 
    "model": "principal.historialitem", 
    "fields": {
        "item": 4, 
        "fecha": "2014-06-07T09:14:00.919Z", 
        "usuario": "admin", 
        "operacion": "eliminar relacion conItem 1"
    }
},
{
    "pk": 48, 
    "model": "principal.historialitem", 
    "fields": {
        "item": 4, 
        "fecha": "2014-06-07T09:14:03.751Z", 
        "usuario": "admin", 
        "operacion": "eliminar relacion conERS_HPM"
    }
},
{
    "pk": 49, 
    "model": "principal.historialitem", 
    "fields": {
        "item": 2, 
        "fecha": "2014-06-07T09:16:20.519Z", 
        "usuario": "admin", 
        "operacion": "modificar"
    }
},
{
    "pk": 50, 
    "model": "principal.historialitem", 
    "fields": {
        "item": 4, 
        "fecha": "2014-06-07T09:16:27.468Z", 
        "usuario": "admin", 
        "operacion": "modificar"
    }
},
{
    "pk": 51, 
    "model": "principal.historialitem", 
    "fields": {
        "item": 1, 
        "fecha": "2014-06-07T09:16:55.761Z", 
        "usuario": "admin", 
        "operacion": "relacionar Item 1 y item 2"
    }
},
{
    "pk": 52, 
    "model": "principal.historialitem", 
    "fields": {
        "item": 2, 
        "fecha": "2014-06-07T09:17:03.443Z", 
        "usuario": "admin", 
        "operacion": "relacionar item 2 y item 3"
    }
},
{
    "pk": 53, 
    "model": "principal.historialitem", 
    "fields": {
        "item": 3, 
        "fecha": "2014-06-07T09:17:13.344Z", 
        "usuario": "admin", 
        "operacion": "relacionar item 3 y item 4"
    }
},
{
    "pk": 54, 
    "model": "principal.historialitem", 
    "fields": {
        "item": 4, 
        "fecha": "2014-06-07T09:17:29.462Z", 
        "usuario": "admin", 
        "operacion": "relacionar item 4 y ERS_HPM"
    }
},
{
    "pk": 55, 
    "model": "principal.historialitem", 
    "fields": {
        "item": 1, 
        "fecha": "2014-06-07T09:18:51.455Z", 
        "usuario": "admin", 
        "operacion": "eliminar relacion conitem 2"
    }
},
{
    "pk": 56, 
    "model": "principal.historialitem", 
    "fields": {
        "item": 2, 
        "fecha": "2014-06-07T09:18:56.973Z", 
        "usuario": "admin", 
        "operacion": "eliminar relacion conitem 3"
    }
},
{
    "pk": 57, 
    "model": "principal.historialitem", 
    "fields": {
        "item": 3, 
        "fecha": "2014-06-07T09:19:02.682Z", 
        "usuario": "admin", 
        "operacion": "eliminar relacion conitem 4"
    }
},
{
    "pk": 58, 
    "model": "principal.historialitem", 
    "fields": {
        "item": 4, 
        "fecha": "2014-06-07T09:19:08.987Z", 
        "usuario": "admin", 
        "operacion": "eliminar relacion conERS_HPM"
    }
},
{
    "pk": 59, 
    "model": "principal.historialitem", 
    "fields": {
        "item": 1, 
        "fecha": "2014-06-07T09:19:17.238Z", 
        "usuario": "admin", 
        "operacion": "modificar"
    }
},
{
    "pk": 60, 
    "model": "principal.historialitem", 
    "fields": {
        "item": 2, 
        "fecha": "2014-06-07T09:19:22.582Z", 
        "usuario": "admin", 
        "operacion": "modificar"
    }
},
{
    "pk": 61, 
    "model": "principal.historialitem", 
    "fields": {
        "item": 3, 
        "fecha": "2014-06-07T09:19:30.396Z", 
        "usuario": "admin", 
        "operacion": "modificar"
    }
},
{
    "pk": 62, 
    "model": "principal.historialitem", 
    "fields": {
        "item": 4, 
        "fecha": "2014-06-07T09:19:37.271Z", 
        "usuario": "admin", 
        "operacion": "modificar"
    }
},
{
    "pk": 63, 
    "model": "principal.historialitem", 
    "fields": {
        "item": 1, 
        "fecha": "2014-06-07T09:20:40.441Z", 
        "usuario": "admin", 
        "operacion": "relacionar Item 1 y item 2"
    }
},
{
    "pk": 64, 
    "model": "principal.historialitem", 
    "fields": {
        "item": 2, 
        "fecha": "2014-06-07T09:20:48.778Z", 
        "usuario": "admin", 
        "operacion": "relacionar item 2 y item 3"
    }
},
{
    "pk": 65, 
    "model": "principal.historialitem", 
    "fields": {
        "item": 3, 
        "fecha": "2014-06-07T09:20:56.273Z", 
        "usuario": "admin", 
        "operacion": "relacionar item 3 y item 4"
    }
},
{
    "pk": 66, 
    "model": "principal.historialitem", 
    "fields": {
        "item": 4, 
        "fecha": "2014-06-07T09:21:05.766Z", 
        "usuario": "admin", 
        "operacion": "relacionar item 4 y ERS_HPM"
    }
},
{
    "pk": 67, 
    "model": "principal.historialitem", 
    "fields": {
        "item": 2, 
        "fecha": "2014-06-07T09:22:01.055Z", 
        "usuario": "admin", 
        "operacion": "modificar"
    }
},
{
    "pk": 68, 
    "model": "principal.historialitem", 
    "fields": {
        "item": 2, 
        "fecha": "2014-06-07T09:22:10.822Z", 
        "usuario": "admin", 
        "operacion": "modificar"
    }
},
{
    "pk": 69, 
    "model": "principal.historialitem", 
    "fields": {
        "item": 1, 
        "fecha": "2014-06-07T09:22:23.269Z", 
        "usuario": "admin", 
        "operacion": "modificar"
    }
},
{
    "pk": 70, 
    "model": "principal.historialitem", 
    "fields": {
        "item": 3, 
        "fecha": "2014-06-07T09:22:35.070Z", 
        "usuario": "admin", 
        "operacion": "modificar"
    }
},
{
    "pk": 71, 
    "model": "principal.historialitem", 
    "fields": {
        "item": 4, 
        "fecha": "2014-06-07T09:22:44.062Z", 
        "usuario": "admin", 
        "operacion": "modificar"
    }
},
{
    "pk": 72, 
    "model": "principal.historialitem", 
    "fields": {
        "item": 1, 
        "fecha": "2014-06-07T09:23:14.408Z", 
        "usuario": "admin", 
        "operacion": "relacionar Item 1 y item 2"
    }
},
{
    "pk": 73, 
    "model": "principal.historialitem", 
    "fields": {
        "item": 2, 
        "fecha": "2014-06-07T09:23:23.033Z", 
        "usuario": "admin", 
        "operacion": "relacionar item 2 y item 3"
    }
},
{
    "pk": 74, 
    "model": "principal.historialitem", 
    "fields": {
        "item": 3, 
        "fecha": "2014-06-07T09:23:31.970Z", 
        "usuario": "admin", 
        "operacion": "relacionar item 3 y item 4"
    }
},
{
    "pk": 75, 
    "model": "principal.historialitem", 
    "fields": {
        "item": 4, 
        "fecha": "2014-06-07T09:23:41.128Z", 
        "usuario": "admin", 
        "operacion": "relacionar item 4 y ERS_HPM"
    }
},
{
    "pk": 76, 
    "model": "principal.historialitem", 
    "fields": {
        "item": 5, 
        "fecha": "2014-06-07T09:24:17.531Z", 
        "usuario": "admin", 
        "operacion": "modificar"
    }
}
]
